{
  "overall": {
    "accuracy": 0.24,
    "precision_macro": 0.2200098460436806,
    "recall_macro": 0.24841269841269842,
    "f1_macro": 0.17305734495389663,
    "precision_micro": 0.24,
    "recall_micro": 0.24,
    "f1_micro": 0.24,
    "precision_weighted": 0.2941203007518797,
    "recall_weighted": 0.24,
    "f1_weighted": 0.21787857353374598,
    "roc_auc_macro": 0.6016637394429647,
    "mean_confidence": 0.6187,
    "std_confidence": 0.4302433148812425
  },
  "per_class": {
    "MACRO_ECONOMY": {
      "precision": 0.14285714285714285,
      "recall": 1.0,
      "f1": 0.25,
      "support": 2,
      "roc_auc": 0.9387755102040816
    },
    "CENTRAL_BANK_POLICY": {
      "precision": 0.0,
      "recall": 0.0,
      "f1": 0.0,
      "support": 3,
      "roc_auc": 0.5
    },
    "GEOPOLITICAL_EVENT": {
      "precision": 0.2,
      "recall": 0.6,
      "f1": 0.3,
      "support": 5,
      "roc_auc": 0.7368421052631581
    },
    "INDUSTRY_REGULATION": {
      "precision": 0.3,
      "recall": 0.2,
      "f1": 0.24,
      "support": 15,
      "roc_auc": 0.5588235294117646
    },
    "CORPORATE_EARNINGS": {
      "precision": 0.3333333333333333,
      "recall": 0.16666666666666666,
      "f1": 0.2222222222222222,
      "support": 6,
      "roc_auc": 0.5726950354609929
    },
    "CORPORATE_ACTIONS": {
      "precision": 0.47368421052631576,
      "recall": 0.45,
      "f1": 0.46153846153846156,
      "support": 20,
      "roc_auc": 0.6625
    },
    "MANAGEMENT_CHANGE": {
      "precision": 0.4,
      "recall": 0.5,
      "f1": 0.4444444444444444,
      "support": 4,
      "roc_auc": 0.734375
    },
    "INCIDENT_LEGAL": {
      "precision": 1.0,
      "recall": 0.1111111111111111,
      "f1": 0.2,
      "support": 9,
      "roc_auc": 0.5555555555555556
    },
    "PRODUCT_TECH_UPDATE": {
      "precision": 0.0,
      "recall": 0.0,
      "f1": 0.0,
      "support": 8,
      "roc_auc": 0.4891304347826087
    },
    "BUSINESS_OPERATIONS": {
      "precision": 0.0,
      "recall": 0.0,
      "f1": 0.0,
      "support": 4,
      "roc_auc": 0.4947916666666667
    },
    "ANALYST_OPINION": {
      "precision": 0.0,
      "recall": 0.0,
      "f1": 0.0,
      "support": 6,
      "roc_auc": 0.48404255319148937
    },
    "MARKET_SENTIMENT": {
      "precision": 0.125,
      "recall": 0.25,
      "f1": 0.16666666666666666,
      "support": 4,
      "roc_auc": 0.5885416666666667
    },
    "NON_FINANCIAL": {
      "precision": 0.10526315789473684,
      "recall": 0.2,
      "f1": 0.13793103448275862,
      "support": 10,
      "roc_auc": 0.5055555555555555
    }
  },
  "confusion_matrix": [
    [
      2,
      0,
      0,
      0,
      0,
      0,
      0,
      0,
      0,
      0,
      0,
      0,
      0
    ],
    [
      3,
      0,
      0,
      0,
      0,
      0,
      0,
      0,
      0,
      0,
      0,
      0,
      0
    ],
    [
      1,
      0,
      3,
      0,
      0,
      0,
      0,
      0,
      0,
      0,
      1,
      0,
      0
    ],
    [
      1,
      0,
      2,
      3,
      2,
      1,
      0,
      0,
      2,
      0,
      0,
      1,
      3
    ],
    [
      1,
      0,
      0,
      1,
      1,
      1,
      0,
      0,
      0,
      0,
      0,
      0,
      2
    ],
    [
      1,
      0,
      1,
      1,
      0,
      9,
      2,
      0,
      0,
      0,
      0,
      1,
      5
    ],
    [
      0,
      0,
      0,
      0,
      0,
      1,
      2,
      0,
      0,
      0,
      0,
      0,
      1
    ],
    [
      0,
      0,
      0,
      0,
      0,
      6,
      0,
      1,
      0,
      0,
      1,
      0,
      1
    ],
    [
      0,
      0,
      4,
      2,
      0,
      0,
      0,
      0,
      0,
      0,
      1,
      1,
      0
    ],
    [
      0,
      0,
      1,
      1,
      0,
      1,
      0,
      0,
      0,
      0,
      0,
      0,
      1
    ],
    [
      1,
      0,
      0,
      1,
      0,
      0,
      1,
      0,
      0,
      0,
      0,
      1,
      2
    ],
    [
      2,
      0,
      0,
      0,
      0,
      0,
      0,
      0,
      0,
      0,
      0,
      1,
      1
    ],
    [
      2,
      0,
      4,
      1,
      0,
      0,
      0,
      0,
      0,
      1,
      0,
      0,
      2
    ]
  ]
}