{
  "overall": {
    "accuracy": 0.58,
    "precision_macro": 0.5503975034990073,
    "recall_macro": 0.6095238095238097,
    "f1_macro": 0.5332211230707472,
    "precision_micro": 0.58,
    "recall_micro": 0.58,
    "f1_micro": 0.58,
    "precision_weighted": 0.638314308498519,
    "recall_weighted": 0.58,
    "f1_weighted": 0.570837840522051,
    "roc_auc_macro": 0.8108046441944752,
    "mean_confidence": 0.9573,
    "std_confidence": 0.05443996693606638
  },
  "per_class": {
    "MACRO_ECONOMY": {
      "precision": 0.18181818181818182,
      "recall": 1.0,
      "f1": 0.3076923076923077,
      "support": 2,
      "roc_auc": 0.9540816326530612
    },
    "CENTRAL_BANK_POLICY": {
      "precision": 0.25,
      "recall": 0.6666666666666666,
      "f1": 0.36363636363636365,
      "support": 3,
      "roc_auc": 0.8024054982817869
    },
    "GEOPOLITICAL_EVENT": {
      "precision": 0.6666666666666666,
      "recall": 0.8,
      "f1": 0.7272727272727273,
      "support": 5,
      "roc_auc": 0.8894736842105264
    },
    "INDUSTRY_REGULATION": {
      "precision": 0.75,
      "recall": 0.2,
      "f1": 0.3157894736842105,
      "support": 15,
      "roc_auc": 0.5941176470588235
    },
    "CORPORATE_EARNINGS": {
      "precision": 0.5,
      "recall": 0.3333333333333333,
      "f1": 0.4,
      "support": 6,
      "roc_auc": 0.6560283687943261
    },
    "CORPORATE_ACTIONS": {
      "precision": 0.7368421052631579,
      "recall": 0.7,
      "f1": 0.717948717948718,
      "support": 20,
      "roc_auc": 0.81875
    },
    "MANAGEMENT_CHANGE": {
      "precision": 1.0,
      "recall": 0.75,
      "f1": 0.8571428571428571,
      "support": 4,
      "roc_auc": 0.875
    },
    "INCIDENT_LEGAL": {
      "precision": 1.0,
      "recall": 1.0,
      "f1": 1.0,
      "support": 9,
      "roc_auc": 1.0
    },
    "PRODUCT_TECH_UPDATE": {
      "precision": 0.6666666666666666,
      "recall": 0.5,
      "f1": 0.5714285714285714,
      "support": 8,
      "roc_auc": 0.7391304347826088
    },
    "BUSINESS_OPERATIONS": {
      "precision": 0.42857142857142855,
      "recall": 0.75,
      "f1": 0.5454545454545454,
      "support": 4,
      "roc_auc": 0.8541666666666667
    },
    "ANALYST_OPINION": {
      "precision": 0.625,
      "recall": 0.8333333333333334,
      "f1": 0.7142857142857143,
      "support": 6,
      "roc_auc": 0.9007092198581561
    },
    "MARKET_SENTIMENT": {
      "precision": 0.4,
      "recall": 0.5,
      "f1": 0.4444444444444444,
      "support": 4,
      "roc_auc": 0.734375
    },
    "NON_FINANCIAL": {
      "precision": 0.5,
      "recall": 0.5,
      "f1": 0.5,
      "support": 10,
      "roc_auc": 0.7222222222222221
    }
  },
  "confusion_matrix": [
    [
      2,
      0,
      0,
      0,
      0,
      0,
      0,
      0,
      0,
      0,
      0,
      0,
      0
    ],
    [
      1,
      2,
      0,
      0,
      0,
      0,
      0,
      0,
      0,
      0,
      0,
      0,
      0
    ],
    [
      0,
      1,
      4,
      0,
      0,
      0,
      0,
      0,
      0,
      0,
      0,
      0,
      0
    ],
    [
      4,
      0,
      0,
      3,
      1,
      1,
      0,
      0,
      2,
      1,
      3,
      0,
      0
    ],
    [
      0,
      0,
      0,
      0,
      2,
      3,
      0,
      0,
      0,
      0,
      0,
      1,
      0
    ],
    [
      0,
      0,
      1,
      0,
      1,
      14,
      0,
      0,
      0,
      2,
      0,
      1,
      1
    ],
    [
      0,
      0,
      0,
      0,
      0,
      0,
      3,
      0,
      0,
      0,
      0,
      0,
      1
    ],
    [
      0,
      0,
      0,
      0,
      0,
      0,
      0,
      9,
      0,
      0,
      0,
      0,
      0
    ],
    [
      0,
      0,
      0,
      1,
      0,
      1,
      0,
      0,
      4,
      1,
      0,
      0,
      1
    ],
    [
      0,
      1,
      0,
      0,
      0,
      0,
      0,
      0,
      0,
      3,
      0,
      0,
      0
    ],
    [
      0,
      0,
      0,
      0,
      0,
      0,
      0,
      0,
      0,
      0,
      5,
      1,
      0
    ],
    [
      1,
      0,
      0,
      0,
      0,
      0,
      0,
      0,
      0,
      0,
      0,
      2,
      1
    ],
    [
      2,
      2,
      1,
      0,
      0,
      0,
      0,
      0,
      0,
      0,
      0,
      0,
      5
    ]
  ],
  "latency": {
    "per_batch": [
      2.1240572929382324,
      1.783372163772583,
      1.7993214130401611,
      1.7448172569274902,
      1.7909691333770752,
      1.9732201099395752,
      1.834463357925415,
      1.7912578582763672,
      1.8460261821746826,
      1.7631726264953613,
      1.7960026264190674,
      1.9668514728546143,
      1.800356149673462,
      1.6668288707733154,
      1.8805549144744873,
      1.790095567703247,
      1.7179224491119385,
      1.752795696258545,
      1.5705642700195312,
      1.82485032081604,
      1.782944917678833,
      1.8257975578308105,
      1.773216962814331,
      1.8514645099639893,
      1.8053827285766602,
      1.7776739597320557,
      1.8066396713256836,
      1.7594528198242188,
      1.6112630367279053,
      1.747084379196167,
      1.726731300354004,
      1.649688720703125,
      1.6557669639587402,
      0.6651651859283447
    ],
    "total_time": 59.668699979782104,
    "total_samples": 100,
    "mean_latency": 1.7545815425760605,
    "total_batches": 34
  }
}