{
  "overall": {
    "accuracy": 0.31,
    "precision_macro": 0.29626768386166885,
    "recall_macro": 0.3061507936507937,
    "f1_macro": 0.2379632466746804,
    "precision_micro": 0.31,
    "recall_micro": 0.31,
    "f1_micro": 0.31,
    "precision_weighted": 0.38940357303515194,
    "recall_weighted": 0.31,
    "f1_weighted": 0.2977577957432767,
    "roc_auc_macro": 0.6357350988061891,
    "mean_confidence": 0.6492000000000001,
    "std_confidence": 0.4221721923575734
  },
  "per_class": {
    "MACRO_ECONOMY": {
      "precision": 0.15384615384615385,
      "recall": 1.0,
      "f1": 0.26666666666666666,
      "support": 2,
      "roc_auc": 0.9438775510204082
    },
    "CENTRAL_BANK_POLICY": {
      "precision": 0.0,
      "recall": 0.0,
      "f1": 0.0,
      "support": 3,
      "roc_auc": 0.5
    },
    "GEOPOLITICAL_EVENT": {
      "precision": 0.2857142857142857,
      "recall": 0.8,
      "f1": 0.42105263157894735,
      "support": 5,
      "roc_auc": 0.8473684210526317
    },
    "INDUSTRY_REGULATION": {
      "precision": 0.5,
      "recall": 0.4,
      "f1": 0.4444444444444444,
      "support": 15,
      "roc_auc": 0.6647058823529411
    },
    "CORPORATE_EARNINGS": {
      "precision": 0.3333333333333333,
      "recall": 0.16666666666666666,
      "f1": 0.2222222222222222,
      "support": 6,
      "roc_auc": 0.5726950354609929
    },
    "CORPORATE_ACTIONS": {
      "precision": 0.5555555555555556,
      "recall": 0.5,
      "f1": 0.5263157894736842,
      "support": 20,
      "roc_auc": 0.7000000000000001
    },
    "MANAGEMENT_CHANGE": {
      "precision": 0.4,
      "recall": 0.5,
      "f1": 0.4444444444444444,
      "support": 4,
      "roc_auc": 0.734375
    },
    "INCIDENT_LEGAL": {
      "precision": 1.0,
      "recall": 0.1111111111111111,
      "f1": 0.2,
      "support": 9,
      "roc_auc": 0.5555555555555556
    },
    "PRODUCT_TECH_UPDATE": {
      "precision": 0.3333333333333333,
      "recall": 0.125,
      "f1": 0.18181818181818182,
      "support": 8,
      "roc_auc": 0.5516304347826088
    },
    "BUSINESS_OPERATIONS": {
      "precision": 0.0,
      "recall": 0.0,
      "f1": 0.0,
      "support": 4,
      "roc_auc": 0.4947916666666667
    },
    "ANALYST_OPINION": {
      "precision": 0.3333333333333333,
      "recall": 0.3333333333333333,
      "f1": 0.3333333333333333,
      "support": 6,
      "roc_auc": 0.6453900709219859
    },
    "MARKET_SENTIMENT": {
      "precision": 0.2,
      "recall": 0.25,
      "f1": 0.2222222222222222,
      "support": 4,
      "roc_auc": 0.6041666666666667
    },
    "NON_FINANCIAL": {
      "precision": 0.05263157894736842,
      "recall": 0.1,
      "f1": 0.06896551724137931,
      "support": 10,
      "roc_auc": 0.45000000000000007
    }
  },
  "confusion_matrix": [
    [
      2,
      0,
      0,
      0,
      0,
      0,
      0,
      0,
      0,
      0,
      0,
      0,
      0
    ],
    [
      2,
      0,
      0,
      0,
      0,
      0,
      0,
      0,
      0,
      0,
      0,
      0,
      1
    ],
    [
      1,
      0,
      4,
      0,
      0,
      0,
      0,
      0,
      0,
      0,
      0,
      0,
      0
    ],
    [
      0,
      0,
      2,
      6,
      2,
      0,
      0,
      0,
      2,
      0,
      1,
      0,
      2
    ],
    [
      1,
      0,
      0,
      0,
      1,
      1,
      0,
      0,
      0,
      0,
      0,
      0,
      3
    ],
    [
      0,
      0,
      1,
      1,
      0,
      10,
      1,
      0,
      0,
      0,
      0,
      1,
      6
    ],
    [
      0,
      0,
      0,
      0,
      0,
      1,
      2,
      0,
      0,
      0,
      0,
      0,
      1
    ],
    [
      0,
      0,
      0,
      0,
      0,
      5,
      0,
      1,
      0,
      0,
      1,
      0,
      2
    ],
    [
      0,
      0,
      3,
      2,
      0,
      0,
      0,
      0,
      1,
      0,
      1,
      0,
      1
    ],
    [
      0,
      0,
      1,
      1,
      0,
      1,
      1,
      0,
      0,
      0,
      0,
      0,
      0
    ],
    [
      1,
      0,
      0,
      1,
      0,
      0,
      1,
      0,
      0,
      0,
      2,
      1,
      0
    ],
    [
      3,
      0,
      0,
      0,
      0,
      0,
      0,
      0,
      0,
      0,
      0,
      1,
      0
    ],
    [
      3,
      0,
      3,
      1,
      0,
      0,
      0,
      0,
      0,
      1,
      1,
      0,
      1
    ]
  ],
  "latency": {
    "per_batch": [
      1.0310449600219727,
      0.7557287216186523,
      0.7436180114746094,
      0.7315719127655029,
      0.732262372970581,
      0.8127262592315674,
      0.7979793548583984,
      0.743206262588501,
      0.5648503303527832,
      0.7583506107330322,
      0.7317569255828857,
      0.735771656036377,
      0.264007568359375,
      0.7549154758453369,
      0.7925128936767578,
      0.7684204578399658,
      0.7391722202301025,
      0.292050838470459,
      0.7573368549346924,
      0.7576019763946533,
      0.7704596519470215,
      0.7843825817108154,
      0.2712841033935547,
      0.8093762397766113,
      0.7582499980926514,
      0.7897818088531494,
      0.7446813583374023,
      0.2932753562927246,
      0.7460141181945801,
      0.7841870784759521,
      0.7803564071655273,
      0.7576639652252197,
      0.7908899784088135,
      2.510603904724121
    ],
    "total_time": 25.868486404418945,
    "total_samples": 100,
    "mean_latency": 0.7604733004289514,
    "total_batches": 34
  }
}