{
  "overall": {
    "accuracy": 0.36,
    "precision_macro": 0.33022287862513433,
    "recall_macro": 0.35912698412698413,
    "f1_macro": 0.27976943403440685,
    "precision_micro": 0.36,
    "recall_micro": 0.36,
    "f1_micro": 0.36,
    "precision_weighted": 0.42714536340852133,
    "recall_weighted": 0.36,
    "f1_weighted": 0.3390987919118591,
    "roc_auc_macro": 0.6663354279564268,
    "mean_confidence": 0.6286,
    "std_confidence": 0.43672879456248354
  },
  "per_class": {
    "MACRO_ECONOMY": {
      "precision": 0.2,
      "recall": 1.0,
      "f1": 0.3333333333333333,
      "support": 2,
      "roc_auc": 0.9591836734693878
    },
    "CENTRAL_BANK_POLICY": {
      "precision": 0.0,
      "recall": 0.0,
      "f1": 0.0,
      "support": 3,
      "roc_auc": 0.5
    },
    "GEOPOLITICAL_EVENT": {
      "precision": 0.35714285714285715,
      "recall": 1.0,
      "f1": 0.5263157894736842,
      "support": 5,
      "roc_auc": 0.9526315789473685
    },
    "INDUSTRY_REGULATION": {
      "precision": 0.4666666666666667,
      "recall": 0.4666666666666667,
      "f1": 0.4666666666666667,
      "support": 15,
      "roc_auc": 0.6862745098039217
    },
    "CORPORATE_EARNINGS": {
      "precision": 0.5,
      "recall": 0.3333333333333333,
      "f1": 0.4,
      "support": 6,
      "roc_auc": 0.6560283687943261
    },
    "CORPORATE_ACTIONS": {
      "precision": 0.625,
      "recall": 0.5,
      "f1": 0.5555555555555556,
      "support": 20,
      "roc_auc": 0.7125000000000001
    },
    "MANAGEMENT_CHANGE": {
      "precision": 0.3333333333333333,
      "recall": 0.5,
      "f1": 0.4,
      "support": 4,
      "roc_auc": 0.7291666666666666
    },
    "INCIDENT_LEGAL": {
      "precision": 1.0,
      "recall": 0.1111111111111111,
      "f1": 0.2,
      "support": 9,
      "roc_auc": 0.5555555555555556
    },
    "PRODUCT_TECH_UPDATE": {
      "precision": 0.5,
      "recall": 0.25,
      "f1": 0.3333333333333333,
      "support": 8,
      "roc_auc": 0.6141304347826086
    },
    "BUSINESS_OPERATIONS": {
      "precision": 0.0,
      "recall": 0.0,
      "f1": 0.0,
      "support": 4,
      "roc_auc": 0.5
    },
    "ANALYST_OPINION": {
      "precision": 0.25,
      "recall": 0.16666666666666666,
      "f1": 0.2,
      "support": 6,
      "roc_auc": 0.5673758865248227
    },
    "MARKET_SENTIMENT": {
      "precision": 0.2857142857142857,
      "recall": 0.5,
      "f1": 0.36363636363636365,
      "support": 4,
      "roc_auc": 0.7239583333333334
    },
    "NON_FINANCIAL": {
      "precision": 0.10526315789473684,
      "recall": 0.2,
      "f1": 0.13793103448275862,
      "support": 10,
      "roc_auc": 0.5055555555555555
    }
  },
  "confusion_matrix": [
    [
      2,
      0,
      0,
      0,
      0,
      0,
      0,
      0,
      0,
      0,
      0,
      0,
      0
    ],
    [
      3,
      0,
      0,
      0,
      0,
      0,
      0,
      0,
      0,
      0,
      0,
      0,
      0
    ],
    [
      0,
      0,
      5,
      0,
      0,
      0,
      0,
      0,
      0,
      0,
      0,
      0,
      0
    ],
    [
      0,
      0,
      1,
      7,
      2,
      0,
      0,
      0,
      2,
      0,
      0,
      0,
      3
    ],
    [
      1,
      0,
      0,
      0,
      2,
      1,
      0,
      0,
      0,
      0,
      0,
      0,
      2
    ],
    [
      0,
      0,
      1,
      0,
      0,
      10,
      2,
      0,
      0,
      0,
      0,
      1,
      6
    ],
    [
      0,
      0,
      0,
      1,
      0,
      0,
      2,
      0,
      0,
      0,
      0,
      0,
      1
    ],
    [
      0,
      0,
      0,
      0,
      0,
      4,
      0,
      1,
      0,
      0,
      2,
      0,
      2
    ],
    [
      0,
      0,
      3,
      2,
      0,
      0,
      0,
      0,
      2,
      0,
      0,
      0,
      1
    ],
    [
      0,
      0,
      0,
      2,
      0,
      1,
      0,
      0,
      0,
      0,
      1,
      0,
      0
    ],
    [
      1,
      0,
      0,
      1,
      0,
      0,
      1,
      0,
      0,
      0,
      1,
      1,
      1
    ],
    [
      2,
      0,
      0,
      0,
      0,
      0,
      0,
      0,
      0,
      0,
      0,
      2,
      0
    ],
    [
      1,
      0,
      4,
      2,
      0,
      0,
      1,
      0,
      0,
      0,
      0,
      0,
      2
    ]
  ],
  "latency": {
    "per_batch": [
      0.948948860168457,
      0.7565352916717529,
      0.7720320224761963,
      0.7540953159332275,
      0.7409298419952393,
      0.7955327033996582,
      0.2656078338623047,
      0.7174475193023682,
      0.5600805282592773,
      0.777449369430542,
      0.7386319637298584,
      0.7310802936553955,
      2.1226603984832764,
      0.775531530380249,
      0.7792444229125977,
      0.7471952438354492,
      0.7525813579559326,
      0.772334098815918,
      0.7512421607971191,
      0.7534503936767578,
      0.76763916015625,
      0.7808279991149902,
      0.2665679454803467,
      0.777829647064209,
      0.7198007106781006,
      0.7775709629058838,
      0.7284431457519531,
      0.29102325439453125,
      0.7253680229187012,
      0.7964534759521484,
      0.7839522361755371,
      0.7605557441711426,
      0.7706015110015869,
      2.487180709838867
    ],
    "total_time": 27.458900213241577,
    "total_samples": 100,
    "mean_latency": 0.8072478140101713,
    "total_batches": 34
  }
}